año,periodo,mes,TIIE28,Act Primaria,Mineria ,Energia,Construccion,Manufactura,Comercio mayor,Comercio menor,Transporte,Serv financiero,Serv profesionales,Serv educativos,Serv esparcimiento,Serv alojamiento,Act guber,IPC,IMAI
2004,,enero,-0.41356674,0.096085859,0.038391978,0.174442183,0.074972317,0.021993164,-0.010712148,-0.041725056,0.024803447,0.253236518,0.004451188,0.023863609,-0.011978927,0.007137611,-0.019031364,0.042015086,0.038518945
2004,,febrero,-0.415741675,0.092324601,0.025035063,0.182513634,0.009984058,0.00598769,0.003749446,-0.021303958,0.014377325,0.283003468,0.060864535,0.011256654,-0.009140573,0.007137882,-0.026900907,0.04534444,0.017554621
2004,2004T1,marzo,-0.348393574,0.051374919,0.02198787,0.215249561,0.087541475,0.033453405,0.045002817,0.035038305,0.045329092,0.29903088,0.035252372,0.028577273,0.013166282,0.007581058,0.008214961,0.042307296,0.047841362
2004,,abril,-0.280885781,0.041955999,0.045496949,0.214156205,0.072473333,0.024643447,0.01423503,0.007498234,0.032802724,0.335928999,0.063893049,0.016666024,-0.020984372,0.024589934,-0.000564656,0.042101136,0.043425265
2004,,mayo,0.173986486,0.040861756,0.027206709,0.197249325,0.079303169,0.019237527,0.057737421,0.044899179,0.038907917,0.298923639,0.041529961,0.031846012,-0.119600884,0.024856197,-0.028387004,0.042852197,0.037592542
2004,2004T2,junio,0.212435233,-0.033335368,0.024605086,0.214117583,0.083256468,0.019410242,0.03808387,0.039399689,0.038991791,0.25718376,0.06943021,0.011040262,0.021844671,0.035478576,-0.005133279,0.043661475,0.035898485
2004,,julio,0.341509434,-0.042255306,-0.003417915,0.235601326,0.058319323,0.027524317,0.027832445,0.025480486,0.042693808,0.335006996,0.074415611,-0.000708105,0.012925447,0.045445562,-0.017377302,0.044882537,0.03428851
2004,,agosto,0.509054326,-0.020986674,-0.001672357,0.254381952,0.047278297,0.033797737,0.060095501,0.065586937,0.048567276,0.294753362,0.041109802,0.007270762,0.004649465,0.048255965,0.000748189,0.048188276,0.03596748
2004,2004T3,septiembre,0.540594059,-0.01434707,0.022491151,0.258792417,0.086322883,0.024366151,0.029333175,0.034230694,0.048296936,0.249391451,0.051939831,0.00747275,0.031889243,0.050450846,0.013132128,0.05060081,0.039987107
2004,,octubre,0.4375,0.05825208,0.012819018,0.267367522,0.062836251,0.021852916,0.042439463,0.03854846,0.045233014,0.143101082,0.02522476,0.003944954,0.018911701,0.063359218,0.01754909,0.054012365,0.036442094
2004,,noviembre,0.607476636,0.03807067,0.005216049,0.248433225,0.107433175,0.027595844,0.06084034,0.074154197,0.047312604,0.075133092,0.002189504,0.008205606,0.021192975,0.035365459,0.017213531,0.054252928,0.043585151
2004,2004T4,diciembre,0.3953125,0.023971575,-0.031400909,0.271071616,0.072101065,0.02359894,0.034722835,0.041620726,0.043514215,0.024670504,-0.012875221,-0.003286313,0.038362891,0.04716217,0.001060544,0.051908476,0.028742454
2005,,enero,0.673507463,-0.084849727,0.00365174,0.080947811,0.021840989,0.03236797,0.05189167,0.054870888,0.032433375,-0.029127235,0.04591281,0.044673619,-0.017408463,0.026030823,-0.006215222,0.045448212,0.028802984
2005,,febrero,0.635578584,-0.045718124,0.00551593,0.086755022,0.035295898,0.039431702,0.033030134,0.057248166,0.050487021,-0.102056361,0.041079213,0.028026446,-0.005741683,0.023576624,0.011659781,0.042694239,0.03364544
2005,2005T1,marzo,0.506933744,-0.051396237,-0.006694409,0.044675162,0.018012077,0.007158477,0.006600003,0.01182092,0.019253015,-0.141606207,0.095404369,0.014924921,-0.013599343,0.032642352,-0.016531075,0.043856742,0.008099291
2005,,abril,0.622366288,-0.022857901,2.26E-03,0.059986087,0.011073293,0.012593431,0.03949467,0.063780429,0.03218588,-0.198085597,0.006515923,0.01725962,0.027176745,0.011517873,-0.022418616,0.045995806,0.012085795
2005,,mayo,0.456115108,-0.014262304,0.028685301,0.082912923,0.031715691,0.021855526,0.016111009,0.032034721,0.035665384,-0.198773622,0.045725949,0.005975365,0.049571337,0.015978846,-0.015453533,0.045991719,0.026094904
2005,2005T2,junio,0.425925926,-0.118024384,0.017047088,0.095683937,0.02330336,-0.005268924,0.000724342,0.014025475,0.013623041,-0.199255794,0.015264624,0.01817365,-0.04059208,0.016151846,-0.01433096,0.043315505,0.007502137
2005,,julio,0.407876231,0.067290984,-0.044592048,0.085417994,0.025134651,-5.40918E-05,0.03073182,0.035428987,0.014914313,-0.270118887,0.041637687,0.009200887,-0.047617572,0.025935813,0.0061826,0.044660716,-0.0022712
2005,,agosto,0.330666667,0.059829704,0.040874482,0.057910309,0.045119946,0.011170363,0.024372901,0.034107873,0.015631814,-0.258041561,0.025587362,-0.000623074,1.244E-05,0.029425267,0.006858286,0.039491314,0.024254876
2005,2005T3,septiembre,0.240359897,0.011631378,0.000224642,0.061466309,0.033123841,0.036715798,0.049266946,0.049653168,0.031657435,-0.240476897,-0.000323407,0.018153638,-0.032547727,0.039407926,0.049592002,0.035098815,0.030140754
2005,,octubre,0.168944099,-0.034301689,-0.032407772,0.062322732,0.028247365,0.044776084,0.043245189,0.044384127,0.031044055,-0.221598954,0.003429587,0.013999703,-0.003856657,-0.013397029,0.046363981,0.030502482,0.029840391
2005,,noviembre,0.06627907,-0.037587083,0.01570112,0.072605575,0.048892379,0.052514177,0.041687752,0.034367781,0.030571546,-0.184492929,0.038903237,0.009849591,-0.007288401,-0.029509544,0.014796578,0.029140477,0.044311766
2005,2005T4,diciembre,-0.023516237,-0.075056572,0.061820598,0.036363214,0.061704875,0.048560694,0.06828898,0.058131101,0.035588406,-0.119009199,0.024993616,0.019354286,0.005008292,-0.010274098,0.033318837,0.033327406,0.053762629
2006,,enero,-0.062430323,0.101777034,0.024781075,0.106701741,0.02750109,0.064392452,0.107713192,0.094032145,0.048404554,-0.06839497,0.008946817,-0.024550834,0.074440422,-0.002789912,0.056509621,0.03935001,0.053248596
2006,,febrero,-0.158394931,0.000349058,0.009829403,0.120242409,0.05490924,0.044202232,0.077077745,0.060857607,0.036415524,-0.003889551,0.026963668,0.001598451,0.089283656,0.001371583,0.079537033,0.037483733,0.042788084
2006,2006T1,marzo,-0.214723926,0.023520672,0.026089083,0.131870359,0.066455234,0.057134372,0.072934284,0.068151197,0.047296217,0.064113129,-0.05933219,-0.007560771,0.041742426,0.0198335,0.056889906,0.03412437,0.054171852
2006,,abril,-0.24975025,0.036363735,0.000152046,0.141680907,0.085554202,0.054866909,0.076424907,0.038656437,0.044966656,0.152206737,0.043295597,-0.002762799,0.062484455,0.009078985,0.031923626,0.031965354,0.054316898
2006,,mayo,-0.276679842,0.060376311,-0.021943604,0.147088061,0.086855954,0.067773861,0.089448089,0.069099257,0.050847692,0.193496002,0.002835423,-0.007183478,0.077976314,0.009729515,0.095317742,0.029958803,0.054179923
2006,2006T2,junio,-0.267732268,0.19117585,-0.036611454,0.140870576,0.085973584,0.089651076,0.098976083,0.069507603,0.060536461,0.224895013,0.032548052,-0.000230734,0.075331472,-0.001432956,0.037574726,0.031838663,0.06866837
2006,,julio,-0.26973027,-0.020996388,0.038856554,0.146294665,0.113071498,0.084115925,0.072762055,0.045428552,0.048185056,0.250793434,0.088697997,0.011338989,0.086415864,-0.003614054,0.022572686,0.030634557,0.083956217
2006,,agosto,-0.268537074,-0.00148889,-0.028392741,0.172715848,0.145841728,0.055371939,0.058371678,0.029851205,0.04744288,0.261630248,0.083291851,0.014870639,0.053699422,-0.007403,0.000650579,0.03465847,0.060141133
2006,2006T3,septiembre,-0.242487047,0.038120299,-0.003533652,0.167019637,0.126391607,0.037073404,0.070864994,0.036406705,0.038958963,0.27311048,0.01052215,0.010507934,0.065522372,-0.013329993,-0.039468505,0.04093149,0.049912275
2006,,octubre,-0.223166844,0.149550274,0.007494973,0.160336099,0.117982108,0.030361926,0.067834254,0.042534135,0.035597263,0.291666548,0.085176767,0.000506369,0.05977002,0.032562279,-0.048232261,0.042922496,0.045733325
2006,,noviembre,-0.203925845,0.001779335,-0.020904361,0.16109121,0.080999476,0.02923062,0.027342479,0.010645882,0.025928135,0.263908112,0.029147794,0.000727153,0.042006935,0.055238844,-0.014603131,0.040902839,0.033581745
2006,2006T4,diciembre,-0.158256881,0.172023756,-0.083172319,0.184737009,0.068736018,0.009756725,0.035592964,0.01893151,0.020499493,0.216362646,0.045180976,-0.005094839,0.026880222,0.033860178,-0.019726576,0.040532769,0.010735938
2007,,enero,-0.118906064,-0.019384806,-0.024979624,0.110642263,0.060185181,0.000425352,-0.006821902,-0.011332789,0.015011314,0.195168415,0.051043026,0.013297551,0.050252409,0.03497032,-0.029814194,0.039809202,0.010172865
2007,,febrero,-0.063989962,0.093361998,-0.006417026,0.069033245,0.077228136,0.009203731,0.025512009,0.017941687,0.024629215,0.170945885,-0.024672727,0.006489955,0.09368381,0.030845392,-0.062940996,0.04112255,0.022905545
2007,2007T1,marzo,-0.028645833,0.10921617,-0.011339843,0.090585624,0.053057321,0.022702349,0.023890101,0.021903231,0.022765925,0.127353,0.063996588,0.025211803,0.065074686,0.025667918,-0.019574326,0.042068378,0.023923097
2007,,abril,-0.005326232,0.02642674,-0.004326812,0.064354057,0.040601936,0.019502502,0.023417054,0.020120563,0.034119363,0.088038657,0.02131371,0.014455743,0.027985671,0.02561877,0.001804955,0.039921351,0.021039727
2007,,mayo,0.051912568,0.030360446,-0.014205823,0.067981955,0.028057347,0.006803454,0.02249434,0.019516127,0.031236026,0.083977095,0.007677557,0.031322673,0.070598944,0.019521774,-0.05108811,0.039475695,0.009375806
2007,2007T2,junio,0.05047749,0.077507726,0.028009929,0.050039943,0.004021334,0.003271175,0.036918714,0.029412262,0.038291968,0.089384358,0.057970156,0.017956349,0.057790243,0.031963181,0.007688907,0.039826065,0.010085716
2007,,julio,0.053351573,0.04869012,0.03023358,0.054539711,0.016637877,-0.002681,0.028581487,0.022103282,0.043424123,0.089927057,-0.046387382,0.023319671,0.003547643,0.012299884,0.013944105,0.041386947,0.009048547
2007,,agosto,0.056164384,0.10060042,-0.077002149,0.052471967,0.017444295,0.011411101,0.040784312,0.03943041,0.044364984,0.109115587,0.007001894,0.015295042,0.055765217,0.006833324,0.027079577,0.040320726,0.000369925
2007,2007T3,septiembre,0.053351573,0.036988347,-0.010348576,0.066039398,0.041733009,-0.001190709,0.033640687,0.022073311,0.041242401,0.106977064,0.090101575,0.007096192,0.028003738,0.001169562,0.039928111,0.037920626,0.008987791
2007,,octubre,0.05745554,0.034875241,-0.023298965,0.072694306,0.060767022,-0.003993489,0.014901596,0.013698534,0.039000343,0.128591803,0.052211343,0.020172278,0.014044281,-0.005443888,0.058584412,0.03742971,0.006251054
2007,,noviembre,0.08630137,0.154050646,-0.043931664,0.065043119,0.073205598,-0.02233924,0.012745877,0.014090023,0.043138828,0.151818672,0.038472804,0.016925965,0.056423424,0.001635858,0.052457282,0.03929554,-0.003696582
2007,2007T4,diciembre,0.080381471,-0.132868953,0.018237708,0.072888617,0.085127171,-0.019670026,-0.012774276,-0.007749937,0.024415934,0.169575174,0.093099229,0.014209697,0.043608476,-0.008763064,0.050127002,0.037590379,0.013037634
2008,,enero,0.070175439,0.05449217,-0.043994936,0.052543488,0.08877181,-0.000803848,0.02047346,0.021409779,0.031599773,0.164264616,0.057541271,0.009259227,-0.018612405,-0.004573662,0.034084074,0.03704374,0.008968187
2008,,febrero,0.063002681,0.005721354,-0.047002688,0.106383039,0.098258292,0.008133962,0.00134642,-0.005179676,0.018732844,0.192313657,0.0648132,0.005886432,-0.048271699,0.0177943,0.040190666,0.037227404,0.020868783
2008,2008T1,marzo,0.063002681,-0.049348353,-0.063343494,0.044504951,0.063440672,-0.018008754,-0.003806427,-0.019164341,0.01875938,0.243280983,-0.001728948,-0.016600692,-0.002327194,-0.016525821,-0.002808859,0.0424888,-0.008446202
2008,,abril,0.06291834,0.025013329,-0.087514031,0.05871026,0.069204637,-0.010076842,0.021583813,0.020885392,0.007321971,0.318297618,0.007466707,0.006823762,0.02485079,0.001851565,0.024263591,0.045485434,-0.008563455
2008,,mayo,0.02987013,0.046289192,-0.061545325,0.047549223,0.090020715,-0.025867766,0.007225905,-0.00978853,-0.000105136,0.293126282,0.056961924,-0.009657755,0.001750198,0.005020378,0.015220892,0.049475637,-0.006392602
2008,2008T2,junio,0.038961039,-0.027764608,-0.070534005,0.040178325,0.128342993,-0.013688949,0.007908738,-0.00426631,0.007023902,0.300850887,0.04130815,0.004022764,0.027554873,-0.007228573,0.01519118,0.052554617,0.004965118
2008,,julio,0.075324675,0.058115008,-0.064784193,0.023045349,0.088817254,-0.030757481,0.041812877,0.023522872,-0.001000041,0.295811811,0.06561642,-0.005049334,0.046083152,0.000135549,0.026640615,0.053943937,-0.013212222
2008,,agosto,0.110246433,-0.085648221,0.016323927,0.03373741,0.017264403,-0.026031716,0.008177444,-0.016713852,-0.006052589,0.266912244,0.025507301,0.013674717,0.015858846,0.003395988,0.033626238,0.055729369,-0.007961494
2008,2008T3,septiembre,0.124675325,-0.043634974,-0.074041413,-0.001123014,-0.014665697,-0.012335629,0.004888227,-0.004303594,-0.01907195,0.281473317,0.027850464,0.014377859,0.024903764,-0.016388823,-0.003599727,0.054734047,-0.0220779
2008,,octubre,0.122897801,0.012902887,-0.027766782,-0.004614955,-5.28E-03,-0.018623813,0.004718929,-0.019195944,-0.020984454,0.166306929,0.015934846,0.022258666,0.021653932,-0.03846545,0.025002546,0.057799331,-0.017472304
2008,,noviembre,0.100882724,-0.056821839,-0.012408228,-0.00499858,-0.039960156,-0.026861804,0.001205789,-0.027980783,-0.034097045,0.154938774,0.100479653,0.02958891,-0.009543071,-0.0504392,0.024617171,0.062328572,-0.026729009
2008,2008T4,diciembre,0.102143758,0.154673055,-0.030760183,-0.031492111,-0.054869826,-0.043516127,-0.033940623,-0.055624283,-0.052559525,0.129394979,0.016246689,0.034115124,-0.004943054,-0.048885507,0.022297889,0.065281439,-0.044404808
2009,,enero,0.060529634,0.017110719,-0.038320615,-0.031354596,-0.045450639,-0.129654261,-0.130925609,-0.162034657,-0.099416466,0.156653082,-0.038892486,0.032189984,-0.003468698,-0.060994679,-0.013681879,0.062824018,-0.091734289
2009,,febrero,0.001261034,-0.06065266,-0.043601511,-0.063661581,-0.103163001,-0.138397365,-0.110626109,-0.155301071,-0.095826016,0.137240931,-0.009757365,0.038529132,-0.025952572,-0.077140169,0.029328519,0.06201343,-0.113727737
2009,2009T1,marzo,-0.036569987,0.033696757,-0.035603035,-0.017312914,-0.073048245,-0.140740386,-0.092411597,-0.117398911,-0.103496878,0.10430958,0.009716556,0.051708851,-0.025850338,-0.089684007,0.073466889,0.060437225,-0.10408259
2009,,abril,-0.158690176,-0.005665767,-0.005834735,-0.014372351,-0.083583187,-0.140186714,-0.145967173,-0.166345883,-0.120863062,0.053233706,0.031547564,-0.19230802,-0.035034519,-0.106712522,0.058964431,0.061732736,-0.100790998
2009,,mayo,-0.27112232,-0.076073246,-0.024939778,-0.025308903,-0.071816013,-0.149635262,-0.133856208,-0.167565927,-0.15265465,0.036228199,-0.045529476,-0.088938214,-0.081562542,-0.248528636,0.087490164,0.059785244,-0.105157938
2009,2009T2,junio,-0.3425,-0.013396945,-0.052791966,-0.012063306,-0.094667887,-0.154470548,-0.102386589,-0.149015496,-0.113281149,0.052938204,-0.075875353,0.045278536,-0.0515781,-0.138260406,0.046445565,0.057361182,-0.119666167
2009,,julio,-0.405797101,-0.077685637,-0.035861528,0.009888321,-0.08565696,-0.101301367,-0.12088875,-0.14521596,-0.086981554,0.107322974,-0.080455795,0.054116404,-0.019250899,-0.095185002,0.034310117,0.054365374,-0.079906043
2009,,agosto,-0.428738318,0.01012165,-0.046022563,-0.004073771,-0.057238106,-0.105070551,-0.0957259,-0.119432732,-0.079216543,0.112499151,-0.054303789,0.032456642,-0.031832923,-0.082030862,0.027179909,0.050819596,-0.080739412
2009,2009T3,septiembre,-0.433025404,0.004802137,-0.017198488,0.020986133,-0.031800552,-0.087632508,-0.095529782,-0.110223127,-0.055568826,0.101092351,-0.02331041,0.035562327,-0.02801105,-0.095914996,0.009396872,0.048942579,-0.060055617
2009,,octubre,-0.434331797,-0.079013296,-0.039130359,0.025588395,-0.08128197,-0.063728936,-0.062939103,-0.073048176,-0.039154261,0.133235523,-0.088124097,0.02151754,-0.01556148,-0.074103729,0.00782536,0.044994976,-0.056857043
2009,,noviembre,-0.435280641,-0.028926244,-0.046654665,0.010180909,-0.060850232,-0.00846244,-0.025320318,-0.037352055,-0.002128054,0.11319581,-0.103239505,0.01629863,0.010717155,-0.069418138,0.02183792,0.038610068,-0.025588397
2009,2009T4,diciembre,-0.435926773,-0.035930496,-0.03255323,0.023076008,-0.045648715,0.010441828,0.025556836,0.015567527,0.039882268,0.03651917,-0.049840143,0.008595404,0.022146417,-0.054075346,0.025181266,0.035735382,-0.010717996
2010,,enero,-0.416171225,-0.068377802,0.000105189,0.024271162,0.045872485,0.052832262,0.084009952,0.080279943,0.057008194,0.107516853,-0.046818944,-0.000927111,0.032070601,-0.050441542,0.063010849,0.044573404,0.042481621
2010,,febrero,-0.380352645,0.07934586,0.013664217,0.012808036,-0.001051246,0.074303268,0.118663395,0.122521231,0.076788162,0.121836998,-0.06817567,-0.00883466,0.03469988,-0.048930431,0.01929686,0.048300552,0.042746501
2010,2010T1,marzo,-0.356020942,-0.030229165,0.017974834,0.016234767,0.018680039,0.103261301,0.118087927,0.084934303,0.097485498,0.136509359,0.01892703,-0.011155818,0.057845989,-0.014131985,0.022142084,0.049704006,0.064236298
2010,,abril,-0.260479042,0.045678343,0.023319873,0.006175513,0.040569625,0.101341474,0.192628183,0.12248461,0.128733166,0.142089509,-0.05659687,0.265183919,0.044347627,-0.00079616,-0.016520754,0.042709778,0.074055642
2010,,mayo,-0.14532872,0.102208686,0.03021899,0.020815257,-0.042101541,0.134132917,0.128035529,0.152426095,0.178042285,0.200405059,0.016706554,0.116209456,0.10106812,0.183659585,0.027958245,0.039166395,0.07142261
2010,2010T2,junio,-0.060836502,0.014727878,0.041118343,0.030229558,-0.033866056,0.130293971,0.069641053,0.116746715,0.113940471,0.210193118,-0.013885803,-0.038743176,0.058546511,0.033097265,0.065632407,0.036931503,0.074093523
2010,,julio,0,0.060879861,0.008844377,0.05874892,-0.022810699,0.080745589,0.084152917,0.114936329,0.084019062,0.092712377,0.02162602,-0.046544916,0.05701991,-0.00522599,0.033944367,0.036360029,0.046851713
2010,,agosto,0.00204499,0.03849305,0.036218559,0.010546514,-0.026192781,0.09643317,0.083339884,0.125011875,0.096519948,0.085899197,0.012263146,-0.041115736,0.049435897,-0.020117676,0.019320115,0.036757967,0.055623523
2010,2010T3,septiembre,-0.00203666,0.10163304,0.031780143,0.028944658,-0.032467169,0.062048626,0.103118017,0.119822107,0.074447925,0.102805058,-0.029169627,-0.045921328,0.056453338,0.01403676,0.074422777,0.036991022,0.036192267
2010,,octubre,-0.00814664,0.034998321,0.007504752,0.018293939,0.017175104,0.038486767,0.08051859,0.108183785,0.064455235,0.147742597,0.032198693,-0.036967966,0.055641652,0.010518592,0.02538469,0.040245367,0.029705683
2010,,noviembre,-0.012170385,0.027656615,0.008147479,0.043624916,0.007429194,0.013803659,0.079879344,0.080641371,0.042292372,0.159382768,-0.011769952,-0.041070909,0.026430495,0.009169324,0.009838596,0.043168798,0.013169179
2010,2010T4,diciembre,-0.00811359,-0.044341185,0.011115399,0.061984557,0.010336547,0.022434289,0.099214205,0.111152909,0.03848591,0.225985599,-0.050917255,-0.031252203,0.007322256,-0.014541588,0.008063202,0.044015847,0.01928218
2011,,enero,-0.010183299,0.030706378,-0.001070905,0.061264396,-0.056603494,0.05337048,0.095747912,0.136132785,0.060491055,0.127061166,0.070706536,-0.018745263,0.015102367,0.007278279,0.021015204,0.037820367,0.022201175
2011,,febrero,-0.016260163,-0.048206478,-0.013455804,0.078315217,-0.004980779,0.040884509,0.08856874,0.102967837,0.048752187,0.107581349,0.079508086,-0.007945925,0.00944802,-2.46E-03,0.008953032,0.035723301,0.025215524
2011,2011T1,marzo,-0.016260163,0.076301658,-4.02E-03,0.082699797,-0.03746105,0.035112582,0.074181376,0.100423052,0.038843024,0.098440821,-0.003142876,-0.004431018,-0.016001673,-0.005612795,-0.001076045,0.030395079,0.019048724
2011,,abril,-0.018218623,-0.115089346,-0.006624194,0.093108781,-0.023067179,0.017427723,-0.002418006,0.074099957,0.027703444,0.0594039,0.07191043,0.000398933,-0.004263362,0.008011152,0.03561932,0.033606675,0.006931757
2011,,mayo,-0.018218623,-0.097807947,-0.00950567,0.076564093,0.038227118,0.022825884,0.101662332,0.090352649,0.038081211,0.019798482,0.05967482,0.018327377,-0.005613531,0.005760062,-0.039448338,0.03249288,0.022386633
2011,2011T2,junio,-0.018218623,-0.145049262,0.004082309,0.074708957,0.097592538,0.019333963,0.116989969,0.092978122,0.038249115,-0.007446636,0.068694839,0.022515748,-0.018645528,0.021585776,-0.038281454,0.032764687,0.03282703
2011,,julio,-0.020325203,-0.022702239,0.011407895,0.024271288,0.050535263,0.034219128,0.074430155,0.083625054,0.046025123,0.068409192,0.03400554,0.023438591,-0.030910427,0.021409717,-0.010127475,0.035471627,0.033197838
2011,,agosto,-0.018367347,0.032797053,0.005320055,0.073604493,0.090885576,0.016763376,0.107523455,0.072931404,0.03025982,0.086175447,0.044851474,0.024358692,-0.033808741,0.022868968,0.020369435,0.034236908,0.03012774
2011,2011T3,septiembre,-0.024489796,-0.021639633,-0.01308046,0.0546012,0.061114685,0.034246332,0.090857457,0.058747737,0.047046536,0.067061422,0.048046228,0.04077499,-0.045640457,0.038956969,0.014821955,0.031367742,0.033494072
2011,,octubre,-0.016427105,0.006922547,0.032260959,0.050852607,0.061290102,0.043218472,0.031464767,0.022326673,0.043135162,0.157948765,0.059602851,0.027525274,-0.040868895,0.026013734,0.037315566,0.031956473,0.045165229
2011,,noviembre,-0.014373717,-0.007767263,0.033843247,0.035879491,0.113006,0.046986403,0.069050287,0.054192021,0.041669676,-0.025190493,0.063395893,0.034311409,-0.045096019,0.023870591,0.048942944,0.034826944,0.057711448
2011,2011T4,diciembre,-0.018404908,0.054906673,0.030904518,0.052258444,0.090699997,0.047934314,0.031273606,-0.017927726,0.042047241,0.113469916,0.059114517,0.015565283,-0.047705125,0.046682151,0.045151186,0.038187569,0.053558572
2012,,enero,-0.014403292,0.018437643,1.38E-02,0.028111568,0.035581067,0.070290001,0.08711267,0.035424163,0.056228179,0.084064379,0.009612531,0.038801762,-0.023454518,0.026755961,0.043578167,0.040467732,0.052014449
2012,,febrero,-0.012396694,0.04859554,0.026422533,0.030728318,0.064630052,0.059471339,0.046223725,0.025728511,0.044848235,0.052532054,0.003850784,0.020407192,-0.020475874,0.050325154,0.065032647,0.03868634,0.055120066
2012,2012T1,marzo,-0.01446281,0.034198992,0.02101708,0.010654336,0.070690532,0.052622399,0.051383013,0.036543083,0.047005293,-0.005386962,0.02115655,0.017294907,-0.000682875,0.059663476,0.067297019,0.03729278,0.048732402
2012,,abril,-0.022680412,0.088126139,0.012429362,0.010220114,0.056072731,0.069701568,0.09043217,0.062058062,0.056220063,0.012081998,-0.018451279,0.012492243,0.000141188,0.059830125,0.066072328,0.034120791,0.05296974
2012,,mayo,-0.018556701,0.047276508,0.020302848,0.017675593,0.051987214,0.049198862,0.035103307,0.004233513,0.034502422,0.04206389,-0.01592331,0.004555774,0.014810652,0.04856056,0.078427205,0.038512285,0.040885514
2012,2012T2,junio,-0.018556701,0.253562232,0.015731207,0.011144611,-0.020484033,0.06436218,0.028721719,0.001131472,0.039407076,0.004249325,0.044367168,0.00977414,0.020829102,0.064549562,0.063273835,0.043352232,0.038423759
2012,,julio,-0.008298755,0.041243169,0.02142515,0.018699931,0.059762652,0.053206912,0.065221285,0.000384259,0.039306732,0.016751297,0.045298307,0.007268308,0.035387322,0.053299461,0.063793317,0.04419971,0.046952251
2012,,agosto,-0.004158004,0.021104437,0.015323928,0.007181097,0.002297026,0.042425693,0.015530814,-0.010832318,0.03236142,0.059038797,0.039845053,0.018105887,0.033255007,0.057548328,0.01994485,0.045679377,0.02754405
2012,2012T3,septiembre,0.0041841,-0.034299828,0.025329567,0.002875159,0.041499429,0.053279131,0.006479803,-0.003888751,0.031224728,0.022286999,0.033816866,0.001623205,0.056575755,0.043464876,-0.004666863,0.047717659,0.043935729
2012,,octubre,0.006263048,0.029276413,-0.003615113,0.017028789,-0.001906546,0.017701675,0.068718138,0.043446577,0.030553926,-0.006980214,0.008055475,0.007154695,0.047767674,0.041772275,0.011283343,0.045960951,0.008263918
2012,,noviembre,0.008333333,0.123376567,0.017851379,0.026608764,-0.030330451,0.015209695,0.026822518,0.032157318,0.033825038,0.164422226,0.025312019,0.007199928,0.063278283,0.049013419,0.007767397,0.041798518,0.009047102
2012,2012T4,diciembre,0.008333333,0.056512163,0.003359542,-0.013429419,-0.064398618,0.019619755,0.071200196,0.053889163,0.024256172,-0.071739325,0.057558227,0.015418704,0.0792542,0.038086182,0.003404284,0.035682901,-0.001093758
2013,,enero,0.010438413,0.078950048,0.034423096,0.0304571,-0.006172875,-0.010386448,0.011650383,0.011689763,0.021289777,0.14875149,0.08393114,-0.009149482,0.052347698,0.028014257,-0.012693546,0.032545746,-0.001624075
2013,,febrero,0.008368201,0.012119096,0.017551057,0.014841746,0.011021704,0.000940546,-0.011584446,0.011066059,0.030206865,0.170583148,0.039230362,0.001904575,0.049806079,0.015483362,-0.036705504,0.035522889,0.008264382
2013,2013T1,marzo,-0.060796646,-0.07716465,0.004480175,0.002416923,0.000957587,-0.008393706,0.012846474,0.023391509,0.024531002,0.256597385,-0.015796562,0.009845348,0.062746367,0.011072491,-0.043178454,0.042522661,-0.00378238
2013,,abril,-0.08649789,0.078251926,0.001309925,-3.94724E-06,-0.056274744,-0.016561781,0.001131594,0.004967203,0.015761022,0.269814174,0.0375202,0.001821222,0.047208209,-0.007274748,-0.056709602,0.04649422,-0.022502909
2013,,mayo,-0.092436975,0.071988346,-0.006665078,0.022281799,-0.005920048,0.003133151,-0.002566442,0.031223579,0.027768912,0.415454158,0.013511342,0.008162215,0.016612698,0.008990084,-0.041943212,0.04631421,1.19E-03
2013,2013T2,junio,-0.096638655,0.021631277,-0.012416714,0.009259446,-0.033913368,-0.012475035,0.001204439,0.046530246,0.02305876,0.269590038,-0.038269842,0.000302084,0.027802982,-0.011440945,-0.032806694,0.040880259,-0.014746337
2013,,julio,-0.09623431,0.05477797,-0.010519618,0.016634981,-0.067699597,-9.36E-03,-0.023253392,0.029161254,0.029375358,0.272813845,-0.012215972,0.004230423,0.014722432,0.001915638,-0.033384763,0.034726197,-0.019854154
2013,,agosto,-0.100208768,0.011594198,-0.007509742,0.026651278,-0.025083793,0.011405769,0.007445393,0.03672303,0.032697065,0.202863876,-0.023291648,0.007877687,0.035185055,-0.007640448,0.001915725,0.034565297,0.002684024
2013,2013T3,septiembre,-0.145833333,0.069686267,-0.008230568,0.018303776,-0.045329449,-0.019535116,-0.003138742,0.03857134,0.02215332,0.261454926,-0.012397544,0.002807598,0.011968836,-0.005626278,0.036288885,0.033902957,-0.020019915
2013,,octubre,-0.174273859,0.107570538,0.009102457,0.013171338,-0.007103486,0.020096539,-0.002341354,-0.003471432,0.033989327,0.153961228,-0.03370766,0.005115993,0.025959499,0.00365851,0.014076738,0.033591147,0.010790166
2013,,noviembre,-0.216942149,-0.03222392,-0.001617396,0.01672349,-0.016910195,0.003747706,-0.02096423,-0.01071299,0.013981008,0.176830313,-0.011303918,0.00501394,0.01945247,0.005886415,0.006353875,0.036186908,-0.00062333
2013,2013T4,diciembre,-0.216942149,0.02243129,0.012655734,0.02232287,0.040357456,-0.009264833,-0.045175605,-0.005106016,0.0321273,0.325284297,0.000682898,0.010984808,0.070499972,0.022456563,0.015845434,0.03974041,0.006903284
2014,,enero,-0.219008264,-0.03111741,-0.022958413,0.048160561,-0.0233548,0.020860003,-0.008575952,-0.019226877,0.03327197,0.049094501,-0.060130968,0.010676325,-0.02112598,0.030896873,0.020772654,0.044828103,0.007911287
2014,,febrero,-0.213692946,0.072535627,-0.014217633,0.046603521,0.001388582,0.007790178,0.043652106,0.023059799,0.03262239,0.073872937,0.022942645,0.006930416,0.003753615,0.018343181,0.027305318,0.042344373,0.003790884
2014,2014T1,marzo,-0.151785714,0.096102789,-0.008117674,0.082485376,0.012179486,0.038162478,-0.000392273,-0.003721032,0.031308947,0.077972221,0.032365102,-0.000225566,-0.037321514,0.009775518,0.023657109,0.037586463,0.027905752
2014,,abril,-0.120092379,0.020457519,0.001746037,0.087963241,0.070097236,0.050132063,0.02972055,0.016456663,0.043714456,0.050470971,-0.002253424,0.00870348,-0.022420893,0.007707022,0.027809959,0.034967083,0.047624261
2014,,mayo,-0.12037037,0.067732533,0.004702433,0.054872723,0.002031161,0.040178082,0.071554461,0.0490639,0.041290001,-0.081286476,-0.018740914,0.000178754,-0.019837486,0.011337985,0.004013316,0.035102246,0.028591635
2014,2014T2,junio,-0.202325581,0.001769861,-0.003216203,0.063693867,0.067950797,0.044370712,0.02625742,0.012603636,0.042203417,0.087939587,-0.043589474,0.003087084,-0.019386044,0.004199277,0.003305848,0.037525883,0.042306126
2014,,julio,-0.236111111,0.054226237,-0.005488305,0.04581895,0.013961035,0.048591681,0.070419957,0.037861996,0.034969192,0.024868672,-0.032937767,0.006759662,-0.013494788,0.006267148,0.045106192,0.040724068,0.032827922
2014,,agosto,-0.234338747,0.060218592,-0.008177613,0.05528678,0.019943631,0.02334077,0.041747264,0.035989846,0.035963046,0.010677731,-0.012356881,0.001419639,-0.019201433,0.012665024,0.018767205,0.041499113,0.019430302
2014,2014T3,septiembre,-0.197560976,0.049363982,-0.009820297,0.065352091,0.038430757,0.044790386,0.031887625,0.003100576,0.038660721,0.001159327,-0.000359463,0.004988786,-0.011980611,-0.010375191,0.008439591,0.042175835,0.034871337
2014,,octubre,-0.173366834,-0.034544448,-0.033113478,0.062376313,0.05550624,0.046567322,0.051622175,0.034283876,0.038258734,0.045977826,0.084760884,0.002866008,-0.030449728,0.008415026,0.01488697,0.042977576,0.036186064
2014,,noviembre,-0.131926121,0.018440804,-0.040193776,0.045839136,0.035723109,0.054630314,0.069347647,0.042616012,0.057504819,0.032029924,0.003895619,-0.000206378,0.000975855,0.016413836,0.012396248,0.041678696,0.034712555
2014,2014T4,diciembre,-0.129287599,0.024899907,-0.050923856,0.068700824,0.032885504,0.053369015,0.06810505,0.029910145,0.048755497,-0.024391401,0.085783783,0.003855264,-0.059356913,0.00171668,0.022404584,0.040813222,0.030608751
2015,,enero,-0.126984127,0.05103977,-0.044489807,0.017415706,0.048239112,0.036968145,0.061722482,0.065035295,0.040389849,0.063774303,0.033596419,-0.003264407,0.045635232,0.020942224,0.02598625,0.030656413,0.024717734
2015,,febrero,-0.129287599,0.02277728,-0.017832657,0.016291349,-0.019760033,0.05774188,0.025701636,0.001692654,0.042080594,0.07605067,-0.013379292,-0.001422775,0.021982627,0.03402022,0.071079025,0.030002659,0.027797643
2015,2015T1,marzo,-0.131578947,0.060394601,-0.042187985,0.003011083,-0.009965173,0.026324968,0.048893979,0.019259625,0.048037739,0.054335932,0.04217507,0.003995872,0.038656038,0.050220625,0.053124517,0.031370751,0.007133056
2015,,abril,-0.133858268,0.012648432,-0.068235337,-0.000280272,0.030844547,0.029625739,0.05613118,0.024141457,0.042812215,0.093084842,0.012673225,0.002595227,0.035072716,0.078506494,0.03899905,0.030623271,0.014797633
2015,,mayo,-0.131578947,0.02065765,-0.072229808,-0.011198637,0.010470522,0.021540438,0.007166268,-0.019790989,0.037321339,0.080985093,0.056760933,-0.000882344,0.044058687,0.076576523,0.03876401,0.028766432,0.003212128
2015,2015T2,junio,-0.037900875,-0.036549477,-0.051349507,-0.010740218,-0.002236098,0.0247653,0.066823552,0.008265923,0.038663581,0.061252032,0.140787852,0.006486769,0.01879577,0.074985701,0.033621922,0.0287078,0.005011856
2015,,julio,0,-0.047866451,-0.049326473,0.009848306,0.105461833,0.019842435,0.060284938,0.007986633,0.043146662,0.097435753,0.08084428,-0.005021968,0.003133686,0.074002238,-0.018449696,0.027390474,0.023285648
2015,,agosto,0.006060606,-0.008669817,-0.044322035,0.016018327,0.065257338,0.043459324,0.034772332,0.00378115,0.051338407,0.106978731,0.078653862,-0.010763854,0.04109327,0.077132323,0.005424792,0.025873162,0.031358129
2015,2015T3,septiembre,0.012158055,0.017140544,-0.045469699,0.01954433,0.098524616,0.0544201,0.081040673,0.037677169,0.053035525,0.138707392,0.079415352,-0.000335084,0.041703059,0.072711342,-2.33E-03,0.025188916,0.043781055
2015,,octubre,0.006079027,0.02008693,-0.035794897,0.028232779,-0.026402875,0.041891609,0.036672362,-0.00152374,0.043640522,0.127296257,0.038628303,0.003047584,0.039439532,0.088856505,-0.005665915,0.024797284,0.016196448
2015,,noviembre,0.009118541,-0.009155893,-0.045011885,0.034131826,0.001456602,0.022787852,0.012349528,-0.032834549,0.03419882,0.13543191,0.047450366,0.00735665,-0.008720363,0.068785731,-0.017746153,0.022148528,0.009578507
2015,2015T4,diciembre,0.036363636,0.078923365,-0.039307729,0.011849131,5.00401E-05,0.036391488,-0.009114679,-0.031034949,0.0302337,0.179678757,-0.045068968,0.003016461,0.044609061,0.069564695,0.006804616,0.021308128,0.015209065
2016,,enero,0.078787879,0.011716052,-0.023738882,-0.023426965,0.02963946,0.030895491,0.016655854,-0.024373746,0.033909807,0.187130465,0.060698846,-0.000402233,-0.020603749,0.03833225,-0.007506363,0.026131045,0.019483636
2016,,febrero,0.136363636,0.003211749,-0.041085242,-0.000494369,0.058536181,0.011914403,0.043807354,-0.00253127,0.029532726,0.188268522,0.05605693,0.015560805,-0.031604144,0.015035816,-0.043736007,0.028672509,0.011615639
2016,2016T1,marzo,0.23030303,-0.064546546,-0.027979966,-0.006483069,0.056624728,0.01272717,0.039909649,-0.00603929,0.024946131,0.168717885,-0.03304084,-0.004190732,-0.025443054,0.009630249,-0.041926975,0.026010103,0.012244085
2016,,abril,0.23030303,0.032172735,-0.020048346,-1.68E-02,0.002459345,-0.001329369,0.01916976,-0.044024806,0.019512307,0.155210897,0.054415971,0.013320836,-0.007753067,-0.017914436,-0.004761224,0.025415794,-0.000877544
2016,,mayo,0.236363636,-0.047836553,-0.018498369,0.020039215,0.044566218,0.006916804,0.030782116,-0.019793759,0.02947803,0.20886398,0.044010486,0.02092639,0.001397991,-0.026295389,-0.000110513,0.025966625,0.010911087
2016,2016T2,junio,0.242424242,0.111682312,-0.037156383,0.019337321,0.028618075,0.007441512,0.024371802,-0.016417321,0.029422058,0.190011084,-0.01497307,0.008696222,0.085303866,-0.000682958,-0.005493976,0.025379877,0.003626908
2016,,julio,0.381818182,0.030509786,-0.037679797,0.014053581,-0.041841335,0.00919441,-0.014387878,-0.021902094,0.024980391,0.189834287,0.105366011,0.013830969,0.123804532,-0.006394972,0.020390809,0.026548283,-0.007349278
2016,,agosto,0.38253012,0.149040633,-0.054498619,-0.013775599,-0.021066106,0.007032945,0.02079301,-0.016490128,0.022198824,0.221372587,-0.002612775,0.009705158,0.032753402,-0.014656454,0.012650112,0.027274366,-0.009678081
2016,2016T3,septiembre,0.384384384,0.032664163,-0.052988551,-0.025819105,-0.053940523,-0.012315973,0.014929622,-0.014972228,0.031776793,0.158572307,0.004602425,0.011136369,0.048827043,0.085900868,0.015187527,0.029689495,-0.027673018
2016,,octubre,0.543806647,0.052901634,-0.047352491,-0.024176828,0.037819075,-0.007672604,0.015472795,0.026384943,0.021344184,0.174114856,-0.009034018,0.00946074,0.017609798,0.024809616,0.046857561,0.030636224,-0.005548199
2016,,noviembre,0.608433735,0.054552862,-0.054904533,-0.025338229,0.073627704,0.014482024,0.031229544,0.037957276,0.031194984,0.186344671,0.075476038,0.005049814,0.023331741,0.030410215,0.040237301,0.03305351,0.012442108
2016,2016T4,diciembre,0.707602339,-0.002188747,-0.058842791,-0.010318094,0.017715331,0.0163183,0.078826732,0.059298231,0.045414847,0.216713818,0.010368565,0.010241178,0.122990795,0.055262829,-0.013688549,0.033602739,0.005234388
2017,,enero,0.721910112,0.092590623,-0.070105436,0.065309662,-0.000178871,0.03154177,0.039445755,0.000778725,0.048914307,0.171505865,0.00701698,0.038851587,0.031616773,0.016089864,0.0073681,0.047182814,0.012373151
2017,,febrero,0.717333333,-0.018839294,-0.090462292,0.038329807,-0.000956742,0.03238487,0.019078757,0.022936394,0.042334722,0.128448663,0.045239305,0.007660849,0.109012579,0.055434604,-0.008451784,0.048642314,0.007967038
2017,2017T1,marzo,0.633004926,0.075598216,-0.07493499,0.069133209,0.007323751,0.041994412,0.020042316,0.010574237,0.044875762,0.15692092,0.075959684,0.029308155,0.077887153,0.050501966,-0.005603769,0.053525614,0.021596947
2017,,abril,0.692118227,0.019099694,-0.059771068,0.047960782,-0.034208049,0.040390474,0.010604213,0.067057537,0.049642424,0.137447576,-0.009266504,0.012297395,0.097940573,0.056172636,-0.018351742,0.058171702,0.011453173
2017,,mayo,0.710784314,0.020539329,-0.057060023,0.051472422,-0.033192087,0.036425878,0.007564265,0.030887363,0.041975775,0.108877794,0.076644037,0.012005852,0.08347391,0.079134546,-0.018777988,0.061640136,0.010115241
2017,2017T2,junio,0.758536585,0.056098553,-0.055656007,0.051128902,0.00037748,0.027998976,0.012478896,0.041483009,0.048222822,0.117841211,0.024171548,0.018101065,-0.119870685,0.051963228,-0.010528854,0.063136562,0.012834927
2017,,julio,0.61622807,0.044499667,-0.071831789,0.020109106,-0.009092317,0.026501783,0.016809255,0.019605008,0.04170158,0.108973159,-0.087081701,0.023164552,-0.054420212,0.030583379,-0.017695412,0.064381651,0.005269413
2017,,agosto,0.607843137,-0.053568432,-0.078669255,0.034287865,0.013094149,0.026571118,0.045134201,0.018601939,0.044427635,0.104194949,-0.026270129,0.022962573,-0.034750481,0.034346503,-0.015194155,0.06663489,0.009459574
2017,2017T3,septiembre,0.600867679,0.017582331,-0.140687065,0.051532547,0.026992906,0.014959418,0.0118942,0.025976728,0.009660888,0.120862425,-0.050649111,0.008607358,-0.077995901,-0.049945621,-0.005933457,0.063478466,-0.00439508
2017,,octubre,0.444227006,0.026568084,-0.093779218,0.008482047,0.013288483,0.026012699,0.030631507,0.024482868,0.046586217,0.09027762,-0.091698452,0.005191726,0.035712216,-0.031205271,-0.018131298,0.063715323,0.005226588
2017,,noviembre,0.382022472,0.093350959,-0.076813788,0.088748416,-0.048706858,0.020759273,0.038519094,0.034855241,0.047120177,0.092361816,-0.060728001,0.013045675,0.064744498,-0.027726637,-0.009719022,0.066345231,-0.002270694
2017,2017T4,diciembre,0.285958904,0.005439556,-0.071780508,0.035873266,0.04065634,0.008829212,0.021891906,0.04715205,0.035169208,0.077756725,0.011567791,0.001604447,-0.101621734,-0.046050738,0.011174557,0.06773048,0.007669774
2018,,enero,0.246329527,0.002195191,-0.053919342,0.019375878,0.016809276,-0.007883249,0.00520016,0.064923989,0.026383209,0.043709639,-0.043847609,-0.019103548,0.052328521,0.060922897,0.027381895,0.055458362,-0.008473613
2018,,febrero,0.208074534,0.095898452,-0.065912089,0.042932533,0.041904784,-0.002930135,0.047470031,0.040762237,0.040124517,0.056261162,-0.042511854,-0.001604523,-0.013612612,0.035347645,0.037842621,0.053392169,-0.000215302
2018,2018T1,marzo,0.180995475,0.03997818,-0.068393568,-0.016327882,0.003353849,0.009378626,0.055434322,0.11122316,0.045628302,0.040078617,0.005329027,0.009031343,0.063750668,0.016531607,0.057396868,0.050354124,-0.004666712
2018,,abril,0.141193595,0.063630655,-0.066800734,0.041403666,0.030214028,-1.68E-02,0.023929537,0.008742157,0.033827296,0.065127676,0.024502078,-0.012279223,-0.044721983,0.029761552,0.062252294,0.04550783,-0.010031962
2018,,mayo,0.124641834,0.103881774,-0.070529443,-0.01897813,0.043960761,0.016171379,0.059455681,0.046894997,0.03783805,0.052228005,-0.075664302,-0.004404607,-0.036987729,-0.01183695,0.055030398,0.045062695,0.00747921
2018,2018T2,junio,0.099861304,-0.024882555,-0.081302915,0.009008985,0.01024827,0.023017098,0.034768552,0.034758449,0.025600112,0.050994824,0.020550603,-0.010366736,0.152003343,-0.015720966,0.062509294,0.046468575,0.006245332
2018,,julio,0.099050204,0.014258048,-0.08242466,0.056107151,0.050529372,0.02199895,0.038030184,0.062605833,0.040548863,0.089849863,0.00858581,-0.010995687,0.019757964,0.013174545,0.032105061,0.048114051,0.016043704
2018,,agosto,0.098915989,0.002867429,-0.061641649,0.035614899,-0.023104633,0.021188346,0.028446525,0.057174087,0.027485283,0.080109494,0.061205817,0.002297519,0.068233299,0.008838919,0.016534187,0.049045278,0.003926111
2018,2018T3,septiembre,0.098915989,-0.010563332,0.005960145,0.027173892,-0.013173168,0.046224958,0.074632601,0.047708773,0.047728802,0.086079613,0.064232657,0.009834288,0.089227614,0.010198466,-0.004067769,0.050195739,0.024490518
2018,,octubre,0.100271003,-0.040895313,-0.062780791,0.042921095,-0.001787473,0.016370218,0.045684568,0.013391114,0.020161085,0.090310562,0.131045972,0.013615561,-0.018916106,0.023084652,0.050514644,0.049036359,0.002490667
2018,,noviembre,0.117886179,0.006010936,-0.080320796,-0.001708497,-0.062548065,0.020478433,0.015309111,0.022246226,0.016459807,0.083825798,0.038629359,0.004605481,-0.055499342,0.018850083,-0.020479842,0.047165339,-0.007607851
2018,2018T4,diciembre,0.119840213,0.053940505,-0.083067918,-0.009253175,-0.047369288,0.005916267,0.008286249,-0.015867164,-0.007123969,0.076702112,-0.001704701,0.002600414,-0.022497583,0.013520902,-0.069771996,0.048305462,-0.016522747
2019,,enero,0.12434555,0.003323178,-0.119481785,-0.067258694,0.010206657,0.019809308,0.009390806,0.014067077,0.01801381,0.104581412,0.014725904,0.012177448,-0.021785762,-0.028565415,-0.019258434,0.043656055,-0.005814575
2019,,febrero,0.100257069,0.061751849,-0.083971715,-0.070937482,-0.037456931,0.02403811,-0.007615111,0.025883767,0.004917537,0.100989707,0.005432586,0.00570683,-0.076277299,-0.013770492,-0.029471444,0.039402762,-0.00640928
2019,2019T1,marzo,0.088122605,0.003800954,-0.079915649,-0.061548504,-0.029215858,0.002248436,-0.037250805,-0.031351014,-0.008129907,0.078408858,0.008959553,-0.007171397,-0.148334602,-0.001943064,-0.034973025,0.040041779,-0.018088226
2019,,abril,0.084183673,-0.011453946,-0.092180127,-0.07214784,0.006756727,0.041046335,0.023251735,-0.002182676,0.005238941,0.038349614,0.00643643,0.013385939,-0.087003688,-0.02619824,-0.054614899,0.044134534,0.011062445
2019,,mayo,0.084076433,-0.01233264,-0.109663459,-0.040070972,-0.060260994,0.010675924,-0.012677527,-0.004390371,-0.002049046,0.08208763,-0.012136917,0.003831672,-0.071397873,0.010515513,-0.048363212,0.042819934,-0.017960822
2019,2019T2,junio,0.073139975,0.024703901,-0.062133998,-0.052141416,-0.027224162,0.010012548,-0.013927618,0.014323932,-0.005041593,0.06499101,-0.051234273,0.01594209,-0.111274879,0.024649292,-0.063758971,0.039471468,-0.009920311
2019,,julio,0.04691358,0.019205146,-0.046551705,-0.079809597,-0.068314887,0.009650299,-0.002412648,-0.025136404,-0.011159522,0.007231878,0.015930718,0.007946145,-0.059413873,0.014282636,-0.035981077,0.037813383,-0.017631743
2019,,agosto,0.032059186,-0.010635746,-0.033723606,-0.044140503,-0.029297528,-0.003702297,-0.02874249,-0.008494512,-0.001352267,-0.009647823,-0.012474059,-0.010244035,0.009486634,0.031442968,-0.049441686,0.031624408,-0.013785192
2019,2019T3,septiembre,0.011097411,0.04750104,-0.029035824,-0.040205622,-0.079537974,-0.001144594,-0.046654495,-0.010397902,-0.003977027,-0.026027582,0.03212925,-0.005963337,-0.005271794,0.030565001,0.00886711,0.029975128,-0.024060196
2019,,octubre,-0.014778325,0.060972891,-0.024452309,-0.032429478,-0.097472788,-0.021892607,-0.033415222,-0.001322762,-0.013033189,0.001756217,-0.001093853,-0.004437795,-0.008025898,0.030900851,-0.141009192,0.030195189,-0.039535605
2019,,noviembre,-0.046060606,-0.044394257,0.017844902,-0.04461313,-0.005417752,-0.033029111,-0.012751436,-0.016816666,-0.027719901,-0.018785018,0.021001213,0.003328588,0.11284715,0.043097705,0.013194213,0.029744973,-0.022871663
2019,2019T4,diciembre,-0.084423306,-0.034184029,0.019848146,-0.02374616,-0.053141149,-0.034320095,-0.05064093,0.002850187,-0.006052485,-0.039369439,0.032478906,0.0091746,0.169998258,0.047972279,0.151536198,0.02828577,-0.028971902
2020,,enero,-0.123399302,0.009157258,0.078227794,0.007974544,-0.09054454,-0.015731346,0.005215874,-0.022167572,0.017575742,-0.025605932,0.064486659,-0.00705962,0.218891032,0.049738553,0.000993004,0.03238352,-0.017157906
2020,,febrero,-0.136682243,-0.087238759,0.052098589,0.035701137,-0.100734024,-0.026677555,-0.035807401,-0.026998011,-0.000632034,-0.039994186,0.00269981,0.004485159,0.378689187,0.024525386,0.006568152,0.036961942,-0.027760867
2020,2020T1,marzo,-0.166666667,0.048095566,0.043176704,0.011464297,-0.084840942,-0.065519533,-0.045828385,-0.025992642,-0.085148619,-0.027854468,-0.032816952,-0.00483352,-0.051655623,-0.263950095,0.020024515,0.032490626,-0.051401265
2020,,abril,-0.230588235,0.007087648,-0.02514437,-0.011628225,-0.426270644,-0.340328801,-0.208584984,-0.334476724,-0.407889202,-0.024738815,-0.003616954,-0.026329279,-0.767377062,-0.697636574,0.005707814,0.021481489,-0.300891709
2020,,mayo,-0.294947121,-0.008066379,-0.048285404,-0.119937302,-0.386104313,-0.334296092,-0.287460073,-0.328020033,-0.441028512,-0.071882869,-0.046180972,-0.040958455,-0.845312806,-0.71648809,0.015041093,0.02837271,-0.298143205
2020,2020T2,junio,-0.336075206,-0.018376749,-0.021786684,-0.11560431,-0.263600807,-0.146269443,-0.163464925,-0.189144555,-0.306853435,-0.079940986,-0.107752076,-0.044698712,-0.825673211,-0.663973376,0.021827518,0.03334011,-0.150059439
2020,,julio,-0.383254717,0.082610849,0.008564223,-0.061437552,-0.239065691,-0.096768519,-0.141235352,-0.047946187,-0.255263114,-0.063761556,-0.011740217,-0.028204026,-0.723149921,-0.577250859,-0.001896726,0.036234051,-0.107902054
2020,,agosto,-0.406212664,0.035275124,0.002691734,-0.010710365,-0.148074629,-0.065619669,-0.062258794,-0.088983706,-0.227853289,-0.049637403,0.0174022,-0.020664014,-0.561977773,-0.527484762,0.029279235,0.040484229,-0.069700146
2020,2020T3,septiembre,-0.424390244,0.038835435,0.003738504,-0.049325526,-0.145078341,-0.029134336,-0.066942162,-0.074951826,-0.156754077,-0.031318142,-0.067506034,-0.031170452,-0.502434776,-0.419329837,-0.005117036,0.040137769,-0.048333754
2020,,octubre,-0.43375,0.05350874,0.023909852,-0.044832724,-0.087842116,0.005838947,-0.042483215,-0.016302973,-0.139643236,-0.060763706,0.044147248,-0.032545152,-0.430194408,-0.411675494,0.040794684,0.04086964,-0.011029218
2020,,noviembre,-0.428208386,0.008313183,-0.006149716,-0.083691388,-0.065569574,0.007067705,-0.035694426,-0.005878767,-0.119337303,-0.055600865,-0.088803003,-0.04318236,-0.482661995,-0.383990131,0.014429409,0.033318778,-0.014051164
2020,2020T4,diciembre,-0.416883117,-0.025989488,-0.005617076,-0.072238267,-0.100244354,0.029633744,0.010006516,-0.024037083,-0.122434942,-0.046580652,-0.026490174,-0.043070358,-0.485080978,-0.373026289,-0.072644791,0.031500746,-0.011143868
2021,,enero,-0.406374502,0.02291256,-0.037138966,-0.244155645,-0.086067695,0.001643997,-0.009712014,-0.021414193,-0.153333818,-0.055189485,-0.035648415,-0.032636465,-0.563186884,-0.414454807,-0.029674233,0.035350926,-0.032679143
2021,,febrero,-0.410013532,0.05073816,-0.011901338,-0.287724343,-0.018939698,-0.017740347,0.005202502,-0.026248242,-0.148543668,-0.088094343,0.014806507,-0.038753118,-0.5694159,-0.426118639,-0.010162404,0.037590398,-0.034715162
2021,2021T1,marzo,-0.397183099,-0.032954659,-0.012517848,-0.234231906,-0.034742306,0.077100971,0.057066085,-0.018514793,0.009804853,-0.032292575,0.048176301,-0.018548866,-0.257320743,-0.114814577,-0.029492593,0.046668788,0.022588016
2021,,abril,-0.345565749,0.0134186,0.064645728,-0.239120371,0.524585335,0.49499583,0.203047123,0.493225314,0.54115634,-0.01988905,0.040565065,-0.005806504,2.292002106,1.32155642,0.012083345,0.060848187,0.360502028
2021,,mayo,-0.285,0.054177361,0.123829565,-0.140412616,0.496134073,0.470216647,0.355799261,0.490786045,0.665917366,-0.000832072,0.084749861,0.021016716,4.04200904,1.557261751,-0.026961889,0.058938226,0.365340372
2021,2021T2,junio,-0.23539823,0.094962189,0.050028686,-0.157423357,0.175304801,0.151886142,0.177824702,0.173295775,0.368203148,0.009466356,0.105126368,0.016861009,3.424563718,1.270797762,-0.01949101,0.058786056,0.119071585
2021,,julio,-0.135755258,-0.013848005,0.031033272,-0.187066312,0.180125967,0.086889051,0.146008987,0.053109769,0.276812082,0.013917907,0.051144266,-0.002470743,1.800032825,0.897224183,-0.028338121,0.058058151,0.077366036
2021,,agosto,-0.064386318,0.011892822,0.016651755,-0.271194429,0.105844177,0.059167027,0.003784952,0.108621904,0.208996599,0.016811797,0.015209357,0.004346797,0.703806905,0.672203422,-0.009006609,0.055920717,0.053267255
2021,2021T3,septiembre,0.006355932,-0.046099858,0.028705001,-0.253106627,0.118170623,-0.003654454,0.044796574,0.065539634,0.127231084,0.000785193,0.062661294,0.018731752,0.583732713,0.431137051,-0.028755552,0.06000148,0.006976504
2021,,octubre,0.099337748,-0.043679799,0.015751536,-0.241068803,0.054038178,0.011354931,0.045234003,0.021109783,0.138114395,-0.00547506,-0.025047345,0.007474066,0.493811414,0.460606876,0.015621588,0.062395425,0.01105944
2021,,noviembre,0.14,0.0515727,0.026886171,-0.224228137,-0.004682199,0.02093405,0.041444471,0.030922362,0.143892005,-0.003890556,0.150681012,0.015339075,0.532237251,0.425501266,-0.039577669,0.073748806,0.009169279
2021,2021T4,diciembre,0.211581292,0.080331726,0.025917708,-0.17656992,0.038397821,0.033223644,0.031633254,0.049267766,0.184814306,0.02619871,0.117663504,0.028529271,0.466289522,0.444289393,-0.021442779,0.073551079,0.02757363
2022,,enero,0.279642058,0.006300488,0.077581658,0.032183493,0.034382348,0.039893851,0.011489986,0.054373648,0.144458779,-0.000373296,0.063007104,0.055662799,0.672738991,0.463159214,-6.43E-03,0.070701388,0.047879805
2022,,febrero,0.380733945,-0.001599567,0.008591907,0.053055829,0.010420221,0.074689839,0.097063376,0.056666739,0.182297972,0.057511353,0.140329303,0.034898263,0.876756463,0.512523934,-0.014827957,0.072799733,0.060185949
2022,2022T1,marzo,0.478971963,0.06261062,0.034822355,0.043796586,0.048429292,0.03048536,0.051754518,0.033964941,0.108652197,0.005786513,0.079989965,0.01531598,0.483892735,0.438675691,0.002463488,0.074536772,0.044172233
2022,,abril,0.572429907,0.03606935,0.041373583,0.067466253,0.059709686,0.046055168,0.081663142,0.061686115,0.119123422,0.020909384,0.046284165,0.023955408,0.293502249,0.420417825,-0.019000103,0.076825029,0.054927289
2022,,mayo,0.634032634,0.038692652,0.034988798,0.079078055,0.015191515,0.059106052,0.068636207,0.041253078,0.10815646,0.004097622,0.106652353,0.020385588,0.186651236,0.324029777,0.006430757,0.07652621,0.055003635
2022,2022T2,junio,0.717592593,-0.05095618,0.06066854,0.070712837,0.04051787,0.045946806,0.091344784,0.048643341,0.093140771,0.017678017,0.155247523,0.02066584,0.312259308,0.196940674,-0.005632333,0.079863385,0.052439054
2022,,julio,0.778761062,-0.034681877,0.04036189,0.056267194,0.026540568,0.061005575,0.078857565,0.040587388,0.095339301,0.011078522,0.077683499,0.050671516,0.429552563,0.156018012,0.056405756,0.081508066,0.054913827
2022,,agosto,0.827956989,0.036335998,0.041655053,0.080769362,-0.031991427,0.07122219,0.113038449,0.020184635,0.131088595,0.016502523,0.071342869,0.026682233,0.550601014,0.207787829,0.013671285,0.086954231,0.042610988
2022,2022T3,septiembre,0.871578947,0.086876573,0.016513027,0.085955915,-0.007469346,0.085793136,0.094227994,0.056747766,0.121724569,0.025604006,0.098066492,0.022608118,0.358273522,0.188232929,0.000746183,0.086997496,0.070405974
2022,,octubre,0.919678715,0.058870425,0.036034769,0.073662096,0.023495847,0.065121252,0.060594907,0.048168749,0.090106757,0.038591428,0.050858138,0.045859471,0.251564444,0.132075289,-0.004526177,0.084068154,0.054792613
2022,,noviembre,0.949317739,0.074810848,0.037037988,0.084107398,0.071828777,0.061608439,0.03226292,0.031009249,0.065811224,0.059238225,0.018553601,0.048475498,0.251861915,0.080407186,0.000194468,0.077966189,0.052832823
2022,2022T4,diciembre,0.935661765,0.073425806,0.052795268,0.043950412,0.059086305,0.043918843,0.053987687,0.03334252,0.043645765,0.051510412,-0.010534114,0.057281932,0.341904886,0.063814046,-0.018934739,0.078170287,0.046420358
2023,,enero,0.884615385,0.005221104,0.00537983,0.048049506,0.075766087,0.037041091,0.054222653,0.049669656,0.07558094,0.071994839,0.104528334,0.006982759,0.343772304,0.151405362,0.054096937,0.079100354,0.032041783
2023,,febrero,0.843853821,0.080509002,0.075122533,0.051086373,0.051739962,0.021837443,-0.027416455,0.071123413,0.050432672,0.063406263,0.016009344,0.025152219,0.144475474,0.11223728,-0.00821411,0.076188635,0.027149576
2023,2023T1,marzo,0.791469194,-0.001337359,0.030833065,0.040258034,0.073337056,0.016308652,0.00042324,0.073438427,0.030145519,0.073222301,0.04297488,0.023344754,0.207071833,0.051001831,-0.014136899,0.068492581,0.023748801
2023,,abril,0.713224368,0.017405784,0.033309061,0.005399574,0.048462275,0.026076265,0.015658813,0.051821206,0.040245106,0.057972273,0.065356381,0.03361939,0.337398395,0.007299976,-0.00558659,0.062528454,0.026048036
2023,,mayo,0.646219686,-0.004407181,0.035440288,0.018192563,0.169434157,0.007989415,0.025447797,0.031927289,0.029551267,0.072887573,0.081510879,0.020718969,0.542223539,0.023096829,0.012219706,0.058353027,0.039862309
2023,2023T2,junio,0.549865229,0.043312741,0.013526804,0.004441299,0.22194039,0.018943906,-0.008032981,0.076328884,0.021153872,0.062615641,0.112392794,0.028756493,0.69615422,0.057120405,0.013437007,0.050555537,0.051467125
2023,,julio,0.430348259,0.044313384,-0.005190826,0.047129888,0.251700933,0.009558259,0.021583437,0.048554074,0.02026226,0.063451731,0.03919752,0.006504878,-0.012800875,0.032183336,-0.014303791,0.047857631,0.045647575
2023,,agosto,0.352941176,0.027119155,0.015025511,0.088705494,0.300814179,-0.007223153,0.060718283,0.035240933,0.004304269,0.032300061,0.082674779,0.025527546,-0.019442114,0.013424052,-0.008481268,0.046380136,0.043803236
2023,2023T3,septiembre,0.293588301,,,,,,,,,,,,,,,0.044544878,0.045084363
2023,,octubre,0.20292887,,,,,,,,,,,,,,,0.042570005,
